﻿<?xml version="1.0"?>

<!--
Copyright (C) Binod Nepal, Mix Open Foundation (http://mixof.org).

This Source Code Form is subject to the terms of the Mozilla Public License, v. 2.0. 
If a copy of the MPL was not distributed  with this file, You can obtain one at 
http://mozilla.org/MPL/2.0/.
-->

<configuration>
  <appSettings>
    <add key="AccountMasterDisplayField" value="account_master_code + ' (' + account_master_name + ')'" />
    <add key="AccountDisplayField" value="account_code + ' (' + account_name + ')'" />
    <add key="AgentDisplayField" value="agent_code + ' (' + agent_name + ')'" />
    <add key="BonusSlabDisplayField" value="bonus_slab_name" />
    <add key="BrandDisplayField" value="brand_code + ' (' + brand_name + ')'" />
    <add key="CashRepositoryDisplayField" value="cash_repository_code + ' (' + cash_repository_name + ')'" />
    <add key="CostCenterDisplayField" value="cost_center_code + ' (' + cost_center_name + ')'" />
    <add key="CurrencyDisplayField" value="currency_symbol + ' (' + currency_code + '/' + currency_name + ')'" />
    <add key="CustomerDisplayField" value="last_name + ', ' + fist_name + ' ' + middle_name" />
    <add key="FrequencyDisplayField" value="frequency_code" />
    <add key="FiscalYearDisplayField" value="fiscal_year_code + ' (' + fiscal_year_name + ')'" />
    <add key="ItemDisplayField" value="item_code + ' (' + item_name + ')'" />
    <add key="ItemGroupDisplayField" value="item_group_code + ' (' + item_group_name + ')'" />
    <add key="OfficeDisplayField" value="office_code + ' (' + office_name + ')'" />
    <add key="PartyDisplayField" value="party_code + ' (' + party_name + ')'" />
    <add key="PartyTypeDisplayField" value="party_type_code + ' (' + party_type_name + ')'" />
    <add key="PriceTypeDisplayField" value="price_type_code + ' (' + price_type_name + ')'" />
    <add key="ShippingAddressDisplayField" value="address_line_1 + convert(13,System.Char) + address_line_2 + convert(13,System.Char) + street + ', ' + city + convert(13,System.Char) + state + ', ' + country" />
    <add key="ShipperDisplayField" value="company_name" />
    <add key="StoreDisplayField" value="store_name" />
    <add key="StoreTypeDisplayField" value="store_type_name" />
    <add key="TaxDisplayField" value="tax_name" />
    <add key="TaxTypeDisplayField" value="tax_type_code + ' (' + tax_type_name + ')'" />
    <add key="UnitDisplayField" value="unit_name" />
    <add key="UserDisplayField" value="user_name" />
  </appSettings>
</configuration>
