﻿<?xml version="1.0"?>

<!--
Copyright (C) Binod Nepal, Mix Open Foundation (http://mixof.org).

This Source Code Form is subject to the terms of the Mozilla Public License, v. 2.0. 
If a copy of the MPL was not distributed  with this file, You can obtain one at 
http://mozilla.org/MPL/2.0/.
-->

<configuration>
  <appSettings>
    <add key="DatePickerShowWeekNumber" value="true" />
    <add key="DatePickerNumberOfMonths" value="[2, 3]" />

    <add key="LogoPath" value="~/Themes/purple/images/mixerp-logo-light.png" />
    <add key="PartyName" value="FirstName MiddleName LastName" />    
    <add key="SalesDeliveryAcronym" value="SD" />
    <add key="SalesDirectAcronym" value="SDIR" />
    <add key="SalesInvoiceAcronym" value="SI" />
    <add key="SalesOrderAcronym" value="SO" />
    <add key="SalesQuotationAcronym" value="SQ" />
    <add key="SalesReceiptAcronym" value="SR" />
    <add key="SaleReturnAcronym" value="SRET" />
    <add key="PurchaseDirectAcronym" value="PDIR" />
    <add key="PurchaseGRNAcronym" value="GRN" />
    <add key="PurchaseOrderAcronym" value="PO" />
    <add key="PurchasePaymentAcronym" value="PR" />
    <add key="PurchaseReturnAcronym" value="PR" />
  </appSettings>
</configuration>
