﻿<?xml version="1.0"?>

<!--
Copyright (C) Binod Nepal, Mix Open Foundation (http://mixof.org).

This Source Code Form is subject to the terms of the Mozilla Public License, v. 2.0. 
If a copy of the MPL was not distributed  with this file, You can obtain one at 
http://mozilla.org/MPL/2.0/.
-->

<configuration>
  <appSettings>
    <add key="ButtonCssClass" value="button" />
    <add key="CommandPanelButtonCssClass" value="menu" />
    <add key="ExpressionSeparator" value="-->" />
    <add key="GridContainerMargin" value="340" />
    <add key="GridPanelDefaultWidth" value="1000" />
    <add key="GridViewDefaultWidth" value="1100" />
    <add key="GridViewCssClass" value="grid" />
    <add key="HeaderPath" value="~/Reports/Assets/Header.aspx" />
    <add key="ItemSelectorAnchorCssClass" value="item-selector" />
    <add key="ItemSelectorPath" value="~/General/ItemSelector.aspx" />
    <add key="ItemSelectorSelectAnchorCssClass" value="linkbutton" />
    <add key="ItemSeparator" value="," />
    <add key="OfficeCodeSessionKey" value="OfficeCode" />
    <add key="ResourceClassName" value="ScrudResource" />
    <add key="TemplatePath" value="~/Reports/Print.html" />
    <add key="TempMediaPath" value="~/Media/Temp" />
    <add key="UpdateProgressSpinnerImageCssClass" value="ajax-loader" />
    <add key="UpdateProgressSpinnerImagePath" value="~/spinner.gif" />
    <add key="UpdateProgressTemplateCssClass" value="ajax-container" />
    <add key="UserIdSessionKey" value="UserId" />
    <add key="UserNameSessionKey" value="UserName" />
  </appSettings>
</configuration>